id,title,description,release_year,age_certification,runtime,genres,production_country,seasons
"1","neque dolorum eaque","Asperiores adipisci quas mollitia voluptatem aliquid corporis. Exercitationem odio necessitatibus voluptatibus porro illum eveniet porro ipsum quae. Natus voluptatum iure ea unde a maxime.","1938","18R","127","Mystery,Action","PY","null"
"2","possimus iste enim","Minima cum ratione et. Delectus quos illo repellat repellat aliquid. Modi reiciendis iure aspernatur explicabo.","1933","9","154","History","CL","null"
"3","a assumenda modi","Consequatur adipisci dolorem a maiores vero cupiditate in suscipit. Aliquam sit necessitatibus facilis perferendis fugiat. Asperiores aut omnis corporis officiis dolorum quisquam.","1983","R18","163","Adventure","CI","7"
"4","fugit maiores adipisci","Et similique excepturi eveniet excepturi ea autem doloremque. Impedit unde nam dolore dolorem quis odit sunt ipsum. Voluptas sapiente a enim itaque esse similique maxime.","2006","S","111","Drama,Horror","BO","2"
"5","eos laborum magnam","Provident consectetur sapiente numquam quas libero nulla. Doloremque labore sunt inventore. Dolore magni nesciunt ratione voluptatem ipsam quaerat corporis ipsum.","2004","15","120","Romance,Mystery","NG","null"
"6","minima repudiandae nostrum","Culpa modi ipsum cum ea molestiae. Repellendus rerum perspiciatis hic iusto reprehenderit hic nemo asperiores. Quia vero similique exercitationem aliquid nam ducimus sed esse.","1903","EC","142","Horror,Action","MS","null"
"7","ut ducimus architecto","Eveniet iste mollitia sed eius facere asperiores. Reiciendis numquam voluptatum consequatur fugiat natus quos. At reiciendis totam sunt omnis doloribus perferendis accusamus.","1928","X18","123","Fantasy","PG","null"
"8","optio aliquid odio","Molestiae voluptatibus veniam. Ad dicta esse necessitatibus animi esse. Assumenda optio ipsa.","1964","9","150","Fantasy,Action","BW","null"
"9","quo et eum","Reiciendis doloremque veniam ab repellendus at quaerat. Qui mollitia nostrum quod dolores consequuntur quod perferendis. Quia commodi numquam aperiam commodi est vero tempore voluptatem.","1984","E10+","133","History,Drama","GR","null"
"10","expedita libero aut","Labore iure illo minima. Dignissimos consequuntur voluptate aliquid. Mollitia voluptatibus ex exercitationem officiis delectus perferendis.","2017","TV-14","175","Thriller,Comedy,History","MT","null"
"11","error inventore velit","Accusamus quam quaerat exercitationem. Cumque laborum maiores eius. Assumenda quibusdam maiores exercitationem quibusdam eos commodi saepe aliquid.","1938","TV-MA","147","Thriller,Western,Fantasy","LR","null"
"12","autem nulla cum","Pariatur laudantium minima. Ad repellendus voluptatum. Ab exercitationem eveniet maxime amet magni commodi aperiam quam fuga.","1940","R","172","Action,Drama","PY","10"
"13","distinctio velit tempore","Sint velit provident dolorem. Ab deserunt occaecati. Distinctio qui mollitia officia fugit iure cupiditate.","1919","TV-Y","108","Sci-Fi","BO","4"
"14","placeat necessitatibus deleniti","Est repellat inventore mollitia sapiente. Dolor facere quam laudantium. Quaerat unde laboriosam optio ex nulla nesciunt provident voluptatibus dolores.","1952","12A","173","Biography,Comedy","GF","null"
"15","officiis odio quo","Dolorum illum sed officiis ab nulla. Ea in amet impedit. Libero officia animi.","1958","TV-G","109","Fantasy,History,Biography","KW","null"
"16","at consequatur atque","Natus fugiat voluptates rerum aut eligendi. Voluptatum dolor minima. Dignissimos minus iste quae provident.","1910","TV-Y","142","Action","RO","5"
"17","occaecati velit tempora","Placeat voluptates quos reiciendis cumque at. Vero inventore ab sint. Ullam modi unde animi sequi.","1999","18R","180","Sci-Fi","MG","null"
"18","tenetur enim enim","Ipsam earum porro voluptates ipsum dolore. Eligendi reprehenderit magni consequatur iste omnis at officia sit et. Quia saepe nulla blanditiis cupiditate.","1988","AL","194","Biography","ET","null"
"19","ex fugit quo","Eaque accusantium labore tempore. Iusto optio dolores eligendi veniam deleniti. In velit quibusdam eligendi.","2015","TV-PG","93","Adventure,History,Horror","VI","4"
"20","ipsam maxime facere","Provident nesciunt harum sapiente enim voluptate ducimus dolor corrupti. Corporis quisquam ipsum itaque esse sed quaerat. Vel maxime blanditiis voluptates quod.","1914","GP","159","Fantasy,Mystery,Romance","RE","null"
"21","dolor impedit molestias","Sint vel eum alias atque. Officiis deleniti cupiditate natus accusantium consequatur distinctio. Ex quidem eligendi debitis omnis assumenda magni.","1976","M/PG","185","Fantasy,Fantasy","MM","null"
"22","eius nemo modi","Laudantium consequatur dolore nihil optio. Reprehenderit eum soluta eius dolor pariatur vero et. Aut debitis necessitatibus.","2020","E","124","Fantasy,Fantasy,Western","PS","null"
"23","exercitationem illum quia","Cupiditate molestiae saepe laudantium laudantium vitae. Corrupti minus quo eveniet velit magni fugiat. Corrupti in esse dolorem.","1977","C","94","Mystery,Drama","GH","9"
"24","ipsam asperiores in","Iure maiores deleniti consequuntur. Quam iure necessitatibus voluptatem dolorum itaque. At ipsa minima.","1924","X18","152","Fantasy,Action,Fantasy","GA","null"
"25","accusamus aspernatur tempore","Cupiditate assumenda quam occaecati itaque possimus voluptatibus exercitationem. Nesciunt dolor iure unde quo natus quo quaerat nam natus. Earum impedit magnam earum repudiandae dolor sint dolores maxime.","1943","A","90","Sci-Fi,Adventure","NF","null"
"26","repellat reiciendis eveniet","Iusto nemo suscipit modi tenetur temporibus impedit itaque consequatur. Ad repudiandae magni. Laborum enim voluptas enim asperiores nobis.","1961","TV-Y7","151","History,Horror,Biography","VI","null"
"27","eum sequi est","Alias optio velit incidunt. Illum quo odio voluptas laborum reiciendis dolore nisi quisquam placeat. Possimus impedit perspiciatis voluptas repellendus.","1945","18R","87","Biography,Mystery","CI","5"
"28","eum tempora eaque","Ab ducimus ut. Doloribus corporis saepe in minima deserunt ipsam ipsam. Aliquid perferendis rem minus voluptatibus quisquam non enim provident.","1916","NC-17","85","Thriller","BF","null"
"29","accusantium animi laboriosam","Sapiente inventore excepturi beatae a provident. Excepturi ratione libero voluptatibus ratione quas vel libero similique ipsa. Blanditiis vel enim vero nam ducimus nesciunt.","2023","R18","155","History","BW","null"
"30","eligendi recusandae reiciendis","At atque maiores voluptates doloremque amet quam aliquam. Dolore recusandae vitae laborum corrupti iure sit consectetur. Dolorem officia cumque quae esse vel.","1924","U/A","86","Adventure,Action","RW","7"
"31","veritatis impedit repellendus","Officiis nemo iusto. Unde error veritatis corrupti ducimus molestias provident. Autem impedit aperiam.","1947","6","126","Biography","BR","null"
"32","quam voluptatem consequatur","Iste qui nisi. Rerum eveniet assumenda dignissimos animi. Mollitia sed exercitationem dolorem quas quisquam quidem consequatur.","2000","TV-Y7","195","Thriller","JO","null"
"33","nulla sed minus","Quo asperiores iste culpa dolore soluta eligendi dolore cum autem. Alias consectetur totam dolorem aut. Earum iure cum natus illo.","1988","X18","89","Action,Romance","LU","2"
"34","occaecati aliquid officia","Atque impedit tempore. Esse earum sapiente ullam repudiandae consequatur non rerum enim. Dolore at at enim maxime rem asperiores accusantium.","2018","TV-G","179","Comedy,Mystery,Sci-Fi","VG","null"
"35","architecto numquam alias","Est consectetur porro aut illum labore eaque sunt. Veritatis nisi consectetur doloremque cupiditate consequuntur eum. Laboriosam minima delectus explicabo.","1947","12","177","Fantasy,Romance,Romance","NE","6"
"36","incidunt nihil aliquam","Hic animi ut libero. Laudantium corporis unde dolorum amet. Ratione animi aliquam dicta eos beatae inventore minima officiis enim.","1965","TV-MA","169","Action","JO","null"
"37","occaecati iure sunt","Veniam facilis voluptates dolorem quam quis assumenda exercitationem. Facere dolorem exercitationem quae eum fugiat dolor voluptatem voluptatibus. Ducimus debitis dignissimos alias dolores.","1955","U/A","182","Adventure","SC","null"
"38","dicta maxime sequi","Modi adipisci ullam nemo occaecati tempora. Reiciendis aliquid amet esse. Quaerat alias iure.","1983","R18","151","History","RO","null"
"39","at nam dicta","In fuga tempore. Veniam sint ipsum consectetur fugiat eligendi dolores. Voluptates temporibus aut aliquam reiciendis nemo suscipit labore inventore eaque.","1956","U/A","195","Thriller","NO","null"
"40","atque unde fuga","Autem tenetur fugit ipsum. Consequatur dolorem vel laboriosam veritatis harum amet distinctio. Et voluptatibus ea modi sapiente natus.","1931","TV-Y7","168","Western,Romance","LU","7"
"41","similique adipisci consequatur","Sunt possimus minus error error suscipit tempora. Aut debitis hic ratione quo ea numquam ducimus. Labore quasi culpa libero sequi delectus adipisci fugit.","2010","G","93","Adventure,History,Action","AZ","null"
"42","omnis dolorum ad","Omnis culpa optio nostrum. Autem veritatis numquam sint odio sapiente at dolorem enim quam. Molestiae itaque iste odit repudiandae ratione.","2016","TV-Y7","105","History","TK","null"
"43","blanditiis temporibus a","Dolore atque sapiente esse illo fugiat iure officiis rerum illo. Iure quo quisquam impedit ex numquam eveniet. Et odio eaque incidunt consequatur in.","2008","EC","136","Horror,Thriller,Fantasy","NU","2"
"44","expedita unde laboriosam","Non saepe ut omnis aperiam animi. Omnis voluptatibus repellat laboriosam omnis veniam ex nostrum. Quisquam sed ipsum quaerat commodi minus libero.","1953","15","123","Romance,Romance,Action","VA","null"
"45","explicabo est harum","Nisi iure eius quibusdam corporis velit. Nemo sequi quisquam magnam quod tempore necessitatibus. Fugiat ab aliquid reprehenderit ex ullam eum.","1955","PG-13","160","Comedy,Biography,Thriller","JE","null"
"46","rerum odio ad","Explicabo dolorem commodi placeat praesentium. Tempore est aut enim rem laboriosam rem nulla id. Doloremque inventore voluptate.","1968","U","141","Thriller","DZ","null"
"47","amet modi ducimus","Natus amet dolor unde maiores. Neque dolore repellendus asperiores repellat voluptatem saepe itaque. Alias doloribus fugiat asperiores inventore velit delectus.","2013","R","116","Thriller,Horror,Fantasy","SY","3"
"48","voluptates neque dolore","Debitis animi natus vitae. Quibusdam tenetur harum omnis voluptatem. Laboriosam fugiat delectus recusandae suscipit.","1918","U/A","100","Comedy,Thriller,Horror","KZ","null"
"49","mollitia inventore placeat","Cum quaerat eum asperiores. Fugit aperiam iure velit nihil dolorum ullam perspiciatis expedita reiciendis. Et harum suscipit quia ut sequi dolorum.","1941","CA","170","Western,Biography,Comedy","AX","9"
"50","porro cupiditate eum","Harum deleniti dolor in. Ullam ipsa illo placeat impedit adipisci laboriosam sit ex distinctio. Facere assumenda odit voluptas vitae eaque reiciendis.","1902","C","185","Horror,Sci-Fi","ET","8"
"51","corporis blanditiis porro","A sapiente cupiditate. Voluptatum minus laborum inventore. Neque cumque rerum architecto delectus quaerat repudiandae.","2021","18R","104","History,Mystery,Sci-Fi","CH","null"
"52","atque nam vero","Voluptate veniam voluptatum natus. Fuga laborum molestiae ratione ut ab. Reprehenderit hic debitis corporis alias necessitatibus dolorem molestias.","2016","TV-Y7","169","Comedy,Thriller,Horror","GS","9"
"53","minima vitae consequuntur","Fugiat maxime debitis unde in architecto numquam nostrum. Iusto commodi aliquid vero. Quisquam dolore nesciunt temporibus sit in quidem corporis cupiditate tempore.","1965","18R","163","Drama,Action,Sci-Fi","IM","null"
"54","beatae corporis ex","Incidunt assumenda qui maiores. Eos animi mollitia vitae aliquid repellendus minima debitis quisquam enim. Occaecati odit suscipit enim eius quam pariatur.","2006","R16","88","Romance,Action","PF","1"
"55","dignissimos commodi minus","Nihil sed nemo pariatur nostrum ad molestiae dolor modi. Dolore nulla neque vero beatae praesentium dolorum excepturi. Itaque a laudantium nisi.","1901","TV-Y7","89","Drama,Thriller","LY","null"
"56","libero harum reiciendis","Id odit tempora odio quibusdam nam ad. Maxime nobis veritatis illum consequatur quod occaecati. Cum nesciunt voluptatibus necessitatibus nam.","1970","R","184","Romance","BV","null"
"57","perspiciatis possimus non","Dolorum nostrum veniam laboriosam eum aut praesentium. Nihil nulla libero omnis amet quos rem. Deleniti iure minus unde doloremque.","1940","TV-PG","171","Adventure,Comedy","KP","null"
"58","inventore voluptatibus deleniti","Dignissimos eveniet earum sequi occaecati modi laborum maiores voluptatibus quos. Sunt illum voluptatibus inventore nobis nam quaerat blanditiis harum. Nesciunt reiciendis quaerat.","1911","TV-14","99","Fantasy,Romance,Biography","PF","null"
"59","inventore molestiae quam","Reiciendis enim quam at exercitationem ipsam sint voluptatem. Et necessitatibus quae nemo illum. Optio cumque eos inventore corrupti mollitia harum illo.","1941","EC","170","Horror,Comedy,Action","LC","8"
"60","non blanditiis corrupti","Totam cumque repellendus. Nostrum deleniti repellat facilis. Occaecati dolorum doloribus praesentium quo iure odio at tempora.","1989","18R","98","Western,Action","PW","5"
"61","repellendus atque harum","Nisi illo beatae. Corporis provident vitae vero nulla. Officiis perspiciatis accusamus officiis assumenda accusantium eligendi cumque amet.","1913","MA15+","143","Action","VA","null"
"62","illo repudiandae quos","Illum accusamus iusto reiciendis. A eum cumque maiores hic nobis architecto. Illo inventore ut tempore aliquid neque fuga iure.","1980","E10+","123","Romance","FJ","null"
"63","itaque quidem sed","Et soluta aut explicabo architecto doloremque. Ipsum consequatur quae. Nemo doloremque numquam beatae porro consequuntur.","1916","TV-MA","133","Romance,Mystery,Biography","MC","null"
"64","minima possimus totam","Aspernatur placeat maiores quibusdam voluptates assumenda. Animi modi minus dolor consectetur quibusdam voluptas. Veritatis aperiam perferendis explicabo odit aperiam consequuntur.","2000","12A","90","Fantasy","TG","6"
"65","suscipit iste labore","Delectus ex reprehenderit quos accusantium animi. Expedita laboriosam aut maiores error. Eaque unde praesentium labore alias expedita placeat veniam.","1965","R18","188","Action,Romance","PK","null"
"66","excepturi laborum exercitationem","Accusantium praesentium doloremque distinctio velit asperiores alias. Blanditiis fugiat dolorem accusamus consequuntur dolores inventore. Accusantium optio excepturi expedita eum nihil saepe modi vel tenetur.","1992","G","173","Sci-Fi,Romance,Sci-Fi","DK","null"
"67","iure cumque labore","Sint voluptates recusandae consequatur ex reprehenderit. Velit ad a dolore assumenda modi. Ad vitae esse quo quibusdam adipisci.","1990","EC","134","Romance,Adventure","EC","null"
"68","libero minus voluptas","Laboriosam mollitia enim aspernatur ipsa placeat nisi nemo dolores libero. Iste repudiandae odio aut culpa est officia nam adipisci atque. Tempore voluptates quod.","1993","EC","94","Mystery","GI","8"
"69","magni necessitatibus possimus","Quasi quos animi eius. Sunt nulla sapiente necessitatibus totam tempora. Atque eaque consequatur officia veritatis aliquam sapiente necessitatibus.","1909","AL","157","Biography,Western,Drama","PR","null"
"70","ducimus iusto eos","Iure error numquam alias pariatur eveniet nulla non modi. Nobis sequi voluptatibus odio. Voluptates eligendi quidem officia ut ipsa enim occaecati.","2015","S","110","Fantasy","LU","null"
"71","eligendi at odio","Quos totam maiores sunt accusantium occaecati. Pariatur voluptatum ducimus. Dolorem voluptate voluptatibus.","1966","X18","115","Drama,History,Drama","SJ","null"
"72","rerum a amet","Dolores accusantium delectus et tempora cupiditate reprehenderit aspernatur illo occaecati. Pariatur blanditiis corporis quo animi laudantium. Ipsam dolor eum officiis veritatis totam similique rem sequi.","1931","R16","115","History","HN","null"
"73","ea recusandae maiores","Quas repellendus doloremque sint quod saepe. Dolorum harum blanditiis quis dolore architecto. Voluptatem aspernatur repellat itaque accusantium repudiandae.","1927","R18","129","Adventure,Biography,Romance","PS","null"
"74","ex possimus eveniet","Quaerat fuga deleniti explicabo doloribus illum. Esse ab alias blanditiis occaecati unde praesentium nobis modi. Autem incidunt aliquid magnam reprehenderit distinctio ut temporibus saepe.","1913","M","188","Action,Fantasy","GS","null"
"75","reiciendis architecto officiis","Velit quam totam temporibus rem praesentium maiores quis. Labore occaecati eaque totam deleniti culpa soluta omnis. Nesciunt velit reiciendis deserunt qui corporis provident et.","1903","12A","82","Western","PH","null"
"76","suscipit ducimus ipsam","Dolore quae delectus sunt adipisci. Alias blanditiis provident consectetur esse libero error deserunt neque recusandae. Inventore aliquam incidunt quod sapiente fuga nesciunt sit cum officiis.","1929","M/PG","190","Biography,Horror","VA","null"
"77","consequatur blanditiis eligendi","Ex alias perspiciatis rem enim. In iste fugiat fugiat suscipit eum. Possimus itaque sapiente totam porro rerum.","1926","E10+","159","Biography,Action","TR","null"
"78","accusantium veniam magni","Culpa suscipit facilis atque a facere saepe dolore. Quas ullam temporibus tempora error. Repellendus alias voluptates dolor consectetur delectus adipisci.","1924","A","167","Comedy,Comedy","GN","null"
"79","deserunt alias unde","Similique placeat beatae blanditiis nihil. Quasi libero numquam. Deleniti officia nisi debitis facilis laborum sequi sequi.","1924","18R","133","Thriller,Drama,Sci-Fi","MY","7"
"80","maxime officia voluptas","Eveniet eos eaque libero nisi molestias. Asperiores doloremque ex perspiciatis aliquid pariatur aspernatur. Sed porro hic quam sit sit asperiores eius porro quis.","1949","TV-14","145","Mystery,Action","BI","null"
"81","adipisci debitis inventore","Atque id natus praesentium aliquid magnam dignissimos iusto recusandae sint. Dolore tempore quo accusantium sed dicta laudantium pariatur. Voluptatum molestias ut recusandae culpa doloremque labore eius soluta.","1908","PG","101","Mystery,Thriller","MN","null"
"82","sed omnis recusandae","Ullam optio nam harum temporibus. Id dolorem laboriosam ad explicabo temporibus impedit. Possimus sit eum asperiores atque cum.","1905","TV-MA","190","Thriller","TH","null"
"83","consequuntur sunt vero","Atque magnam magni molestiae velit esse totam ipsa saepe possimus. Enim adipisci inventore dolorum corrupti ab natus. Necessitatibus cupiditate tempora id doloribus.","1902","TV-Y","186","Biography,Fantasy","GF","7"
"84","numquam iure recusandae","Earum architecto nostrum aperiam deserunt odio ab natus hic dicta. At dolores veniam voluptatibus. Ea at consectetur.","1985","R18+","129","Comedy,Fantasy","LB","null"
"85","deleniti cupiditate quis","Itaque aperiam illo. Optio est veniam impedit eius ex omnis beatae. Mollitia nemo velit perferendis beatae excepturi expedita corporis libero.","1911","U","191","Western","ML","null"
"86","officiis pariatur architecto","Dolorem blanditiis dolorem dolorem sint quidem perferendis quos maiores nobis. Delectus ea hic. Harum cum ut aliquam minus iste.","1966","AL","149","Western","MN","8"
"87","at impedit dignissimos","Asperiores quae doloribus aspernatur. Laboriosam quia magni nemo voluptatum maxime cupiditate. Praesentium odit culpa vero quod fuga suscipit culpa nobis expedita.","1984","9","132","Horror,Fantasy,Horror","MG","null"
"88","delectus eaque sit","Perspiciatis tempore consectetur voluptates nulla officia sunt dolorum qui sit. Magnam quaerat impedit. Dicta nisi illo quas.","1983","R18","103","Comedy","FR","null"
"89","numquam corporis eum","Neque accusamus distinctio incidunt aliquam culpa rerum odio hic. Iusto tempora ratione deleniti voluptates. Eveniet quo tenetur tempora.","1901","TV-PG","132","Action,Mystery","KE","null"
"90","dolorem corrupti illum","Beatae rem fuga aut amet sed optio dolorem. Ipsum est molestiae corporis. Saepe quidem est sint.","1999","12","99","Horror,Romance","KR","null"
"91","odio voluptatibus occaecati","Fugiat magni et sequi impedit sapiente quis molestias eum. Facilis soluta quasi debitis sint debitis autem autem quaerat sit. Modi nihil ratione tempore hic vel hic assumenda pariatur ducimus.","1934","EC","105","Romance,Fantasy,Drama","PK","null"
"92","iusto voluptatem facilis","Distinctio ipsum quam odit numquam. Dolorum nesciunt nostrum tempora. Vitae natus nisi autem cum enim illo enim.","1933","GP","107","Horror","HU","null"
"93","inventore similique sunt","Placeat consequatur ipsam laudantium nihil labore. Doloribus molestiae eius. Quae dolorum debitis.","2000","12","152","Horror","AS","1"
"94","incidunt mollitia nihil","Voluptas nulla amet repellat culpa pariatur dignissimos. Esse consectetur labore distinctio. Fugiat iure amet reiciendis magni aperiam.","1953","AL","153","Biography,Adventure,Romance","AM","null"
"95","ex ex architecto","Molestias magnam culpa dolorum repellat molestias harum. Architecto culpa incidunt voluptates magnam necessitatibus optio repellendus. Non soluta incidunt repellendus consequuntur.","1998","PG","105","Fantasy,Romance,Biography","GH","2"
"96","quidem doloremque ab","Assumenda alias veniam. Omnis ipsa repudiandae repudiandae laudantium eveniet in repellat assumenda. Maiores quasi pariatur odio nesciunt quae sed praesentium.","1916","AL","155","Biography,Drama,Romance","ZM","10"
"97","totam voluptatibus officia","Odit natus pariatur exercitationem id perspiciatis. Totam molestiae quisquam quam. Deleniti ea perferendis ea blanditiis ab animi magnam id fugiat.","1972","TV-14","197","Action","GN","null"
"98","ex magnam quos","Assumenda quod eaque officia molestias porro sapiente dignissimos. Magnam eum dolore cum quidem. Ad quia ea reiciendis ratione officiis porro.","1979","GP","107","Romance,Adventure,History","NE","null"
"99","architecto molestias dignissimos","Amet dolore deleniti doloremque harum vero praesentium. Odio a quasi laboriosam architecto amet. Quis reiciendis reiciendis quis recusandae expedita neque nemo eum velit.","1972","U/A","87","Thriller,Action,History","SO","9"
"100","nesciunt nisi incidunt","Ipsam dolore fuga eligendi aliquid nostrum amet sequi temporibus. Amet voluptatibus at ipsum dolor perspiciatis ad velit rem. Aut consequatur aperiam nostrum ea.","1959","15","94","Adventure,Horror","ME","1"

id,title_id,real_name,character_name,role
"11","1","Yolanda Macejkovic","Jeff Shanahan","Music Composer"
"12","1","Meredith Hoppe","Miss Kelly McDermott","Screenwriter"
"13","1","Melvin Brown-Hills","Tyler Cartwright","Actor"
"14","1","Steve Bergstrom","Kathy Carroll-Hessel","Music Composer"
"15","1","Francis Volkman","Evelyn Klein","Actor"
"21","2","Lorene O'Reilly","Alex Treutel","Costume Designer"
"22","2","Jason Rempel","Marshall Tremblay","Screenwriter"
"23","2","Crystal Gleason","Lila Lemke","Production Designer"
"24","2","Faye Schuppe","Warren Hand","Production Designer"
"25","2","Mrs. Eva Koss-Moen","Lillian Nikolaus","Cinematographer"
"26","2","Arturo Fadel","Angel Legros","Film Editor"
"31","3","Shelia Emmerich III","Charlie Rath","Director"
"32","3","Kathy Parisian","Joan Block DVM","Actress"
"33","3","Ella Predovic","Irving Bogisich-Harvey","Actress"
"34","3","Laura Reichert","Theresa Connelly","Costume Designer"
"35","3","Renee Bechtelar","Mr. Cary Krajcik","Cinematographer"
"36","3","Gloria Mann","Faye Daniel","Actor"
"37","3","Jeremiah Kessler","Shelia Rowe","Actor"
"38","3","Miss Kristin Schoen MD","Dr. Dexter Price","Music Composer"
"41","4","Rick Hartmann-Ledner","Jay Orn","Production Designer"
"42","4","Lionel Simonis","Eloise Cassin DVM","Screenwriter"
"43","4","Harold Sipes","Dorothy Borer I","Cinematographer"
"44","4","Devin Gusikowski","Larry Schinner","Screenwriter"
"45","4","Elaine Ryan","Wilson Kuhn","Costume Designer"
"51","5","Maxine Senger","Tasha Nicolas","Actor"
"52","5","Annie Okuneva","Ashley Barrows","Director"
"53","5","Lorene Ullrich","Connie Green","Actor"
"54","5","Leah O'Hara","Diane Gutmann","Producer"
"55","5","Erma Krajcik","Courtney Lowe","Director"
"56","5","Mr. Carlos Padberg","Peter Crooks","Screenwriter"
"57","5","Wanda Turner","Blanche Kshlerin","Director"
"58","5","Grace Huel","Terrence Hoppe","Actor"
"61","6","Rachael Weissnat","Leslie Feeney","Cinematographer"
"62","6","Richard Collins","Joseph Nienow","Music Composer"
"63","6","Domingo Bahringer","Violet Goodwin","Actress"
"64","6","Dr. Colin Franecki MD","Joshua White PhD","Actor"
"65","6","Lester Larson","Mona Kessler","Screenwriter"
"66","6","Greg Funk","Olivia Adams","Screenwriter"
"67","6","Clinton Stiedemann","Lyle Glover","Producer"
"68","6","Carmen Ernser","Charlie Donnelly","Costume Designer"
"71","7","Judith Koepp PhD","Claudia Satterfield","Director"
"72","7","Essie Mann","Mr. Marcos Simonis","Actress"
"73","7","Antonia Herzog","Anthony Murray","Actor"
"74","7","Darrell Kuhic","Timothy Muller","Actress"
"75","7","Dewey Beer","Shelley Howell","Production Designer"
"76","7","Kristie Mante","Rene Powlowski","Costume Designer"
"77","7","Marianne O'Reilly","Dr. Elvira Harvey","Costume Designer"
"78","7","Margaret Sporer","Bill Bruen","Film Editor"
"79","7","Jose Ebert DVM","Brittany Muller III","Production Designer"
"80","7","Lester Kirlin","Louise Weber","Producer"
"81","8","Salvador Dare PhD","Dawn Lakin","Screenwriter"
"82","8","Edna Haag","Dr. Charlene Feeney","Screenwriter"
"83","8","Rosie Koch","Jane Rowe","Production Designer"
"84","8","Dr. Wayne Labadie","Dr. Wanda Welch","Film Editor"
"85","8","Jennie Gerlach","Felipe Rolfson","Costume Designer"
"86","8","Rose Johnston Sr.","Ken Schulist","Film Editor"
"87","8","Lynne Romaguera","Marie Wyman","Director"
"91","9","Matthew Haley","Nicholas Buckridge","Screenwriter"
"92","9","Dolores Luettgen-Larkin","Johnathan Beahan DDS","Costume Designer"
"93","9","Janet Terry","Felipe Hessel","Producer"
"94","9","Sharon Romaguera","Vincent Jenkins","Director"
"95","9","Miss Traci Schroeder","Verna Stroman","Producer"
"96","9","Samantha Konopelski","Evelyn Batz III","Actor"
"97","9","Lila Fahey Jr.","Henrietta Larkin","Costume Designer"
"98","9","Wendell Reichert III","Julius Schultz","Music Composer"
"101","10","Dr. Courtney O'Kon","Andrea Miller","Actor"
"102","10","Tamara Goodwin","Chad Hand","Director"
"103","10","Richard Klein III","Dr. Christie Reichel","Costume Designer"
"104","10","Rudy Rosenbaum","Bryan Ritchie","Film Editor"
"105","10","Donald Metz","Laverne Rodriguez","Actor"
"106","10","Maria Effertz","Dr. Raymond Beer","Actress"
"107","10","Wesley Abshire Sr.","Sabrina McDermott DDS","Producer"
"108","10","Gene Dickinson","Bradley Zulauf","Production Designer"
"111","11","Bennie Halvorson","Karen Schamberger","Cinematographer"
"112","11","Eduardo Waters","Mr. Clark Shields","Actress"
"113","11","Marsha Monahan","Ricardo VonRueden","Director"
"114","11","Phyllis Daniel","Ebony Mayer","Producer"
"115","11","Gertrude Moen","Darlene Bashirian","Screenwriter"
"121","12","Marcos Stamm","Inez Goodwin","Producer"
"122","12","Mrs. Laurie Grimes","Percy Borer","Screenwriter"
"123","12","Donna Wiegand","Arthur Littel","Costume Designer"
"124","12","Ramon Mohr","Craig Wolf","Music Composer"
"125","12","Ed Homenick-Cole","Jean Gottlieb","Production Designer"
"131","13","Geraldine Veum","Francis Adams","Costume Designer"
"132","13","Dr. Emma Swift","Howard Swift-Wolf","Music Composer"
"133","13","Ryan Emard","Geraldine Hansen","Cinematographer"
"134","13","Dr. Bennie Runolfsson IV","Ramona Moen","Music Composer"
"135","13","Shelley Leuschke Sr.","Wendy Hodkiewicz","Producer"
"136","13","Jennifer Torphy","Hilda Schimmel","Production Designer"
"137","13","Rosie Dietrich","Elijah Reichel","Cinematographer"
"138","13","Erin Lindgren","Dr. Lance Marquardt","Production Designer"
"139","13","Kari Schumm","Claudia Little","Film Editor"
"140","13","Calvin O'Reilly","Elvira Block","Actress"
"141","14","Gina Bins","Bennie Bayer","Music Composer"
"142","14","Dora Ankunding","Dave Lubowitz","Film Editor"
"143","14","Jordan Stehr","Mr. Earl Senger","Costume Designer"
"144","14","Ms. May Ullrich","Crystal Ullrich","Cinematographer"
"145","14","Tami Ward","Opal Pagac","Actor"
"146","14","Daryl O'Connell","Salvatore Champlin","Costume Designer"
"147","14","Dwayne Weissnat","Darrel Turcotte","Director"
"148","14","Miss Dianna Hammes","Guadalupe Bartoletti Sr.","Costume Designer"
"151","15","Joshua Wolf","Jeffrey Halvorson","Film Editor"
"152","15","Austin Willms","Jared O'Conner","Music Composer"
"153","15","Rose Monahan","Dr. Everett Pacocha V","Music Composer"
"154","15","Barry Bartoletti","Randal McDermott","Screenwriter"
"155","15","Francis Harber","Wilson Hyatt","Production Designer"
"156","15","Kristin Auer-VonRueden","Olivia Kirlin","Production Designer"
"161","16","Lucy Schulist","Harriet Mayer","Actor"
"162","16","Dr. James Haley","Freddie Hickle","Music Composer"
"163","16","Agnes Bergstrom","Dr. Tyrone Goodwin","Director"
"164","16","Sherry Harvey IV","Kristie Sipes-Windler DDS","Producer"
"165","16","Anne Collier I","Terrence Zemlak","Director"
"171","17","Nancy Prosacco Sr.","Edmund Hauck","Cinematographer"
"172","17","Louis Torp","Dr. Daisy Bruen","Screenwriter"
"173","17","Vickie Kling","Marlene Bashirian","Music Composer"
"174","17","Leslie Witting","Paul Hessel","Actress"
"175","17","Gayle Schinner","Gordon Block","Producer"
"176","17","Sherman McDermott","Fred Dicki","Costume Designer"
"181","18","Robert Feil","Nora Hyatt","Cinematographer"
"182","18","Marjorie Orn","Mr. Melvin Von","Actress"
"183","18","Cassandra Pouros MD","Kristina Lindgren","Screenwriter"
"184","18","Gregory Bayer","Toni Hansen IV","Director"
"185","18","Terrence Robel","Samantha D'Amore","Actress"
"186","18","Dana Beatty II","Ruby Gorczany","Production Designer"
"187","18","Dr. Irma Hessel","Rex Cormier-Blanda","Production Designer"
"188","18","Maurice Swaniawski","Hattie Heidenreich","Costume Designer"
"189","18","Bernice Kling","Lynda Hills","Music Composer"
"191","19","Stacey Kihn","Austin Monahan","Film Editor"
"192","19","Janie Sporer DDS","Mr. Leslie Stehr","Film Editor"
"193","19","Miss Tiffany Marquardt","Dr. Nichole Grant","Production Designer"
"194","19","Stacey Predovic","Phyllis Jenkins","Producer"
"195","19","Lynne Romaguera","Sheri McKenzie Jr.","Film Editor"
"196","19","Dustin Macejkovic","Dwayne Corwin","Cinematographer"
"197","19","Angel Hamill","Nina Hahn","Cinematographer"
"198","19","Eula Legros","Ronald Shanahan-Stiedemann","Cinematographer"
"201","20","Shirley Ankunding","Norman Kiehn","Actor"
"202","20","Rachael Kunze II","Emma Feest","Production Designer"
"203","20","Neal Kutch","Gloria Dare","Film Editor"
"204","20","Bonnie Streich","Phillip Schmeler","Actress"
"205","20","Gabriel Gerhold","Eduardo Terry","Film Editor"
"206","20","Sonia Wiegand","Teresa Reynolds DVM","Producer"
"207","20","Joyce Rice","Mr. Kent Turcotte","Actress"
"208","20","Mr. Miguel Leannon","Hope Nikolaus","Director"
"211","21","Mr. Moses Rippin","Vickie Ziemann","Screenwriter"
"212","21","Danielle Corkery","Theresa Sanford","Screenwriter"
"213","21","Jim Crona","Mr. Francisco O'Connell","Director"
"214","21","Dr. Eric Ledner","Clark Zieme","Film Editor"
"215","21","Whitney Bernier","April Muller","Actress"
"216","21","Lonnie Hand DVM","Clark DuBuque","Screenwriter"
"217","21","Joyce Schuppe III","Nellie Jacobs","Actress"
"218","21","Mr. Bryan Padberg IV","Wayne Herzog","Director"
"219","21","Lindsay Cremin MD","Joanne Muller","Cinematographer"
"221","22","Donald Koss","Carlton Gorczany-Cole MD","Film Editor"
"222","22","Lorena Swift","Zachary Nader","Producer"
"223","22","Mack Goldner","Francis Mraz","Costume Designer"
"224","22","Boyd Murazik","Elias Price III","Cinematographer"
"225","22","Patti Wuckert","Christopher Kihn","Screenwriter"
"226","22","Norma Welch","Dr. Kirk Barrows","Producer"
"227","22","Faith Pfeffer","Clyde Pfannerstill","Producer"
"228","22","Angela Johns","Stuart Kulas","Music Composer"
"229","22","Virgil Crooks","Catherine Hirthe PhD","Director"
"230","22","Mr. Pat Kautzer","Kendra Morissette V","Costume Designer"
"231","23","Teri Crist DVM","Tiffany Lockman","Actress"
"232","23","Alberta Bergnaum-Bernier II","Carroll Leuschke","Cinematographer"
"233","23","Jason Koch","Ida Hudson","Music Composer"
"234","23","Alexis Lockman","Melvin Waters","Film Editor"
"235","23","Juan Brakus","Shannon Deckow","Actress"
"241","24","Terrance Bashirian","Mrs. Brandi Haley","Production Designer"
"242","24","Wesley McLaughlin DVM","Lynne Bins","Actor"
"243","24","June Cremin","Janice Klocko","Costume Designer"
"244","24","Darrell Cole","Perry Bartoletti","Film Editor"
"245","24","Celia Walter","Pearl Cole","Costume Designer"
"251","25","Brandon Pollich","Glenda Schuppe","Production Designer"
"252","25","Geoffrey Cremin","Rebecca McClure","Actor"
"253","25","Eugene Medhurst","Deborah Moore","Music Composer"
"254","25","Clay Reichert","Christina McCullough","Film Editor"
"255","25","Eula Bernhard","Mr. Craig Klocko","Screenwriter"
"261","26","Glen Jaskolski","Sadie Lang","Actress"
"262","26","Lonnie Cummerata","Felipe Krajcik","Director"
"263","26","Kirk Frami","Jeffrey Kozey","Film Editor"
"264","26","Dr. Mae MacGyver","Billy Homenick","Cinematographer"
"265","26","Josh Smith I","Calvin West","Production Designer"
"266","26","Miss Guadalupe Blick","Bessie Larkin","Actor"
"267","26","Kate Paucek","Theodore Funk Sr.","Cinematographer"
"271","27","Edmund Mayer","Doreen Gerlach","Screenwriter"
"272","27","Hubert Wuckert","Adam Lang","Costume Designer"
"273","27","Ervin Volkman","Michael Schaefer MD","Production Designer"
"274","27","Bonnie Grant","Clint Heidenreich","Producer"
"275","27","Marty Maggio I","Tony Hansen","Production Designer"
"276","27","Delores Leuschke","Mrs. Elizabeth Bayer Jr.","Music Composer"
"281","28","Sonia Hermann V","Nellie McCullough","Production Designer"
"282","28","Cornelius Reichel","Willis Leffler","Music Composer"
"283","28","Enrique Ortiz","Lori Torp","Music Composer"
"284","28","Jamie King","Vincent Zemlak","Music Composer"
"285","28","Dr. Jan Dickens Jr.","Sheldon Braun","Producer"
"286","28","Ron Ebert","Loretta Bartell II","Actress"
"287","28","Cassandra Kohler III","Angelica Schmidt","Production Designer"
"291","29","Sophia Prosacco","Dr. Paul Shields","Cinematographer"
"292","29","Mr. Morris Mosciski","Otis Douglas DVM","Actor"
"293","29","Timmy Larkin","Dr. Curtis Feest","Production Designer"
"294","29","Sara Grimes","Julius Harber V","Film Editor"
"295","29","Gustavo Kshlerin","Patricia Koss","Music Composer"
"296","29","Boyd Hilpert-Gottlieb","Randy Hagenes","Producer"
"297","29","Joel Hahn","Pat Runte","Producer"
"298","29","Colleen Lockman","Lamar Heaney","Screenwriter"
"301","30","Amanda Upton","Dr. Elias Von Sr.","Production Designer"
"302","30","Ernesto West","Brenda Blanda","Producer"
"303","30","Ernesto Bernhard","Johnny Wiegand","Production Designer"
"304","30","Naomi Pfannerstill","Lauren Wunsch","Cinematographer"
"305","30","Norma Stiedemann","Angelica Daugherty","Cinematographer"
"306","30","Wade Schamberger","Edward Conn","Film Editor"
"311","31","Terrance Ward","Jessica Kuhlman","Director"
"312","31","Charles Weissnat DDS","Mr. Jared Wiza","Costume Designer"
"313","31","Abel Koss","Allan Klein","Film Editor"
"314","31","Cecelia Rolfson","Wilbur Gleichner","Actor"
"315","31","Darryl MacGyver","Marlon Monahan","Actor"
"316","31","Marilyn Friesen","Merle Nicolas","Actress"
"317","31","Ruth Boehm","Heidi Ritchie DVM","Production Designer"
"318","31","Kristin Weissnat","Kevin Klein","Production Designer"
"319","31","Mindy Corwin","Dr. Omar Kulas","Costume Designer"
"321","32","Gayle Turcotte","Mrs. Cynthia Ledner I","Producer"
"322","32","Ruben Zboncak","Mattie Feil","Producer"
"323","32","Marion Kerluke","Samantha Lowe-Dare","Actress"
"324","32","Dr. Damon Bruen","Ruben Daugherty","Screenwriter"
"325","32","Jody Upton","Clay Hickle","Cinematographer"
"326","32","Ana Pacocha","Mrs. Katherine Zulauf","Costume Designer"
"331","33","Ms. Lillian Klein","Reginald Dicki II","Producer"
"332","33","Doyle Murray Sr.","Nicholas Pollich","Film Editor"
"333","33","Claude Macejkovic V","Nathaniel Adams","Film Editor"
"334","33","Jennie Franey","Sue Rodriguez MD","Producer"
"335","33","Mr. Zachary Nolan MD","Dr. Salvatore Kreiger","Film Editor"
"336","33","Tamara Lakin","Mr. Wesley Stracke PhD","Producer"
"337","33","Vernon Goldner","Mr. Kenny Block-Predovic Jr.","Screenwriter"
"338","33","Isaac Mohr","Gerald Lynch","Film Editor"
"341","34","Felicia Turner","Eugene Ward","Director"
"342","34","Phyllis Blanda MD","Darrel Trantow DVM","Actress"
"343","34","Archie Jast","Krystal McLaughlin","Music Composer"
"344","34","Ms. Tami McDermott","Brad Aufderhar","Actor"
"345","34","Natasha Von","Nina Kertzmann","Director"
"346","34","Claire Frami","Mario Bauch","Actor"
"347","34","Mrs. Lucy Miller","Andres Barrows","Music Composer"
"348","34","Israel Shields","Nathan Nader","Producer"
"349","34","James Howe","Mrs. Theresa Rohan","Actress"
"351","35","Ana Lehner","Luther Abshire","Costume Designer"
"352","35","Rodolfo Shields","Nancy Hettinger","Actor"
"353","35","Lynette Tillman","Mr. Nathan Abbott","Production Designer"
"354","35","Douglas Howell","Mr. George Collier","Actress"
"355","35","Lester Balistreri","Russell Padberg","Producer"
"356","35","Mandy Strosin","Harvey Herman","Producer"
"357","35","Raymond Ullrich","Courtney Hammes","Film Editor"
"361","36","Sean Carter","Mr. Cory Hane-Labadie PhD","Music Composer"
"362","36","Dr. Helen Reichert PhD","Francisco Bashirian","Film Editor"
"363","36","Blake Steuber DDS","Tyrone Olson","Costume Designer"
"364","36","Krystal Zemlak","Shawna Cruickshank","Actor"
"365","36","Sandy Ortiz-Schuppe","Alberta Schmitt-Kilback","Screenwriter"
"366","36","Gregory Sipes","Pearl Champlin","Music Composer"
"367","36","Miss Kim Gislason-Stokes","Wesley Koch","Producer"
"368","36","Mario Pfeffer","Brittany White-Price PhD","Producer"
"371","37","Tracy Conn","Toby Osinski","Music Composer"
"372","37","Audrey Langosh","Mandy O'Hara","Costume Designer"
"373","37","Miss Vera Stiedemann II","Eduardo Quigley","Cinematographer"
"374","37","Mrs. Josefina Schmidt","Russell Langworth","Screenwriter"
"375","37","Garrett Brekke","Mario Green","Producer"
"376","37","Ricky Morissette","Mr. Alfredo Armstrong","Costume Designer"
"377","37","Miss Shelia Ullrich","Bethany Boehm","Actress"
"378","37","Margie Haag","Jeffery Lind","Producer"
"379","37","Ken Stracke","Simon Wehner","Cinematographer"
"380","37","Marie Ferry","Clayton Johns","Film Editor"
"381","38","Diana Williamson","Margarita D'Amore II","Screenwriter"
"382","38","Herbert Kovacek","Erik Bogisich","Costume Designer"
"383","38","Wilbert Wisozk","Devin Mitchell","Film Editor"
"384","38","Ignacio Harvey","Eugene Rempel","Costume Designer"
"385","38","Francis Walter","Isaac Spencer Jr.","Screenwriter"
"386","38","Jeffery White","Lori Schuster","Cinematographer"
"387","38","Maggie Tillman","Brenda Boyer","Production Designer"
"388","38","Sandy Romaguera","Van Jast","Film Editor"
"391","39","Chester Koss","Ms. Jackie Hudson","Music Composer"
"392","39","Dr. Luther Friesen","Tami VonRueden","Costume Designer"
"393","39","Alexis Jenkins","Delbert Padberg","Screenwriter"
"394","39","Kristi Kohler","Dr. Orville Thiel","Actress"
"395","39","Henrietta Fahey","Stacy Ratke","Film Editor"
"396","39","Devin Koss","Everett Miller","Screenwriter"
"397","39","Ida Bayer-Beahan","Ms. Sheila Rodriguez","Actor"
"401","40","Kelley Lynch","Dr. Duane Denesik","Screenwriter"
"402","40","Dr. Mattie Moore","Ken Rogahn","Actor"
"403","40","Pat Predovic","Ms. Bernadette Cremin IV","Cinematographer"
"404","40","Ethel Fisher","Jodi Kub","Producer"
"405","40","Peter O'Conner DDS","Jack Lind","Costume Designer"
"406","40","Pam Jacobson","Caroline Nitzsche","Costume Designer"
"407","40","Rosemary Lemke","Claudia Durgan","Actress"
"408","40","Doyle McKenzie","Alan Rowe","Producer"
"411","41","Sheri Russel","Drew Zieme","Actor"
"412","41","Miss Kristy Simonis","Dr. Dwayne Dibbert","Production Designer"
"413","41","Alyssa Fay-Bartell Jr.","Nick Reynolds","Actress"
"414","41","Bessie Braun-Flatley","Lela Buckridge","Actor"
"415","41","Bryant Carroll","James Denesik","Music Composer"
"416","41","Patricia Heathcote","Jessie Koepp","Music Composer"
"421","42","Arlene Schamberger","Hattie Marks","Actor"
"422","42","Gene Price","Dr. Raul Moore","Director"
"423","42","Shelia Lemke","Rodney Dickens PhD","Production Designer"
"424","42","Candace Keeling","Mrs. Tina Pacocha","Music Composer"
"425","42","Mrs. Natasha Daniel","Lori Turcotte","Costume Designer"
"426","42","Drew Glover","Clifford Rodriguez","Producer"
"427","42","Anna Schamberger","Frances Bahringer","Actress"
"428","42","Theodore Hoppe","Julius Mayer","Actress"
"429","42","Mrs. Arlene Bogisich","Troy Bosco","Film Editor"
"431","43","Mr. Nicholas Hegmann","Jose Cormier","Director"
"432","43","Dr. Tyrone Block","Dominic Veum","Actor"
"433","43","Theresa Pfeffer II","Carla Hermiston","Producer"
"434","43","Bob Simonis","Jacqueline Bernier","Film Editor"
"435","43","Wendell Donnelly","Maureen Smitham","Screenwriter"
"436","43","Michael Schaefer","Ginger Kunze","Music Composer"
"437","43","Mr. Merle Senger","Elaine Stroman","Actress"
"438","43","Gladys Parisian","Naomi Sanford","Screenwriter"
"441","44","Grady Considine","Marion Fritsch","Actor"
"442","44","Meredith Bernhard","Beverly Kunde","Production Designer"
"443","44","Ginger Rice","Mr. Lance Osinski","Cinematographer"
"444","44","Pam Hessel","Ms. Jennie Armstrong I","Director"
"445","44","Danielle Denesik","Sandy Friesen","Actress"
"446","44","Lynne Bosco","Bennie Jacobson V","Screenwriter"
"447","44","Patsy O'Reilly","Kelley Wilkinson","Actor"
"448","44","Gina Funk","Velma Lesch","Cinematographer"
"449","44","Rebecca Romaguera MD","Flora Toy-Terry","Music Composer"
"450","44","Jamie Hilll","Kellie Barton-Dickinson","Production Designer"
"451","45","Nora Reinger","Gayle White","Music Composer"
"452","45","Pat Feil","Miss Freda Grant","Screenwriter"
"453","45","Geraldine Stamm","Kelly Bashirian","Music Composer"
"454","45","Albert Robel","Mr. Johnathan Lang-Upton","Screenwriter"
"455","45","Kristi Jaskolski","Dr. Kevin Becker","Producer"
"456","45","Patrick Bayer","Kristine Herman","Production Designer"
"457","45","Amelia Ernser","Homer Trantow","Film Editor"
"458","45","Johnnie Paucek","Ron Wunsch","Actor"
"461","46","Henrietta Bergnaum","Mr. Rodolfo VonRueden","Actor"
"462","46","Tanya Kiehn Jr.","Arturo Little","Costume Designer"
"463","46","Joan Fisher","Jana Bartoletti","Costume Designer"
"464","46","Catherine Bruen","Beth Mann","Music Composer"
"465","46","Drew Beier","Jerry Zemlak","Producer"
"466","46","Shelly Mueller","Donald Koss","Music Composer"
"467","46","Sheryl Torphy","Mildred Nikolaus","Producer"
"468","46","Sonja Welch","Merle Quitzon IV","Costume Designer"
"469","46","Lester Reichel I","Susan Rath IV","Producer"
"470","46","Donna Schuppe","Margie Hagenes","Actor"
"471","47","Mr. Irving McDermott","Robert Carter-Ebert","Film Editor"
"472","47","Melanie Koch","Mary Howe-Gutmann V","Director"
"473","47","Jeanne Rice","Alicia Mertz","Production Designer"
"474","47","Karla Braun","Shelley Mitchell Sr.","Producer"
"475","47","Andrea Haley-Greenholt","Ada Sporer","Actor"
"476","47","Mae Macejkovic","Milton Hickle","Actor"
"477","47","Roland Grant","Antonia Ernser III","Music Composer"
"478","47","Dr. Wesley Ernser","Mr. Lowell Friesen","Actor"
"479","47","Tricia O'Kon","Randolph Botsford-Hodkiewicz","Director"
"480","47","Colleen Collier","Randolph Kassulke","Music Composer"
"481","48","Mr. Steve MacGyver","Maryann Feil","Actor"
"482","48","Eva Lockman","Jan Roob II","Director"
"483","48","Yolanda Reichel","Leah Block","Film Editor"
"484","48","Leona Keebler","Sara Hartmann I","Film Editor"
"485","48","Tanya Carter","Kate Labadie","Music Composer"
"486","48","George Prosacco","Mae Bernhard","Actor"
"487","48","Geneva Streich","Clayton Heaney II","Actress"
"488","48","Ramiro Denesik","Silvia Smitham","Actor"
"489","48","Javier King-Borer","Dr. Dewey Frami","Screenwriter"
"490","48","Tracey Powlowski","Brett Nicolas","Film Editor"
"491","49","Sammy Johnston","Damon Kilback","Music Composer"
"492","49","Lora Herzog","Mr. Patrick Thompson","Actress"
"493","49","Ben Emard","Heidi Adams","Screenwriter"
"494","49","Noah Skiles","Kim Lehner","Music Composer"
"495","49","Erma Ankunding","Tasha Roob","Producer"
"496","49","Lucas Breitenberg","Jared Feil","Costume Designer"
"497","49","Jaime Kozey","Darlene Aufderhar DVM","Screenwriter"
"501","50","Bert Nicolas","Kristine McCullough","Producer"
"502","50","Terence Schmitt Sr.","Irvin Sporer","Cinematographer"
"503","50","Candace West","Veronica Little IV","Cinematographer"
"504","50","Lula Shanahan","Frederick Pacocha","Cinematographer"
"505","50","Miss Celia Hickle","Thelma Greenfelder","Costume Designer"
"511","51","Gerard Kilback","Ms. Alberta Wolf","Music Composer"
"512","51","Nathaniel Christiansen IV","Karla Klocko","Production Designer"
"513","51","Kim Romaguera","Miriam Block","Costume Designer"
"514","51","Terence Runolfsdottir-Mills","Dr. Lionel Batz","Costume Designer"
"515","51","Angelina Lueilwitz Jr.","Sandy Hartmann","Costume Designer"
"516","51","Anne Hane","Eleanor Leffler","Director"
"521","52","Maggie Spencer","Glenn Roob","Actress"
"522","52","Melinda White","Brenda Durgan-Ritchie","Actor"
"523","52","Freda Cummerata","Erica Paucek","Producer"
"524","52","Dr. Jerry Mosciski","Kelley Kuphal","Producer"
"525","52","Ms. Amanda Schuster","Nadine Johns","Actress"
"531","53","Albert Klein","Marsha Hoeger","Director"
"532","53","Wallace Zulauf","Brittany Schaefer-Larson","Director"
"533","53","Julie Dicki","Gloria Farrell MD","Producer"
"534","53","Jean Grant","Elijah Roberts","Production Designer"
"535","53","Gwen Mante","Matt Padberg","Producer"
"541","54","Laurence O'Connell","Mona Cole","Cinematographer"
"542","54","Michele Ullrich-Schiller","Anthony Wiegand","Actress"
"543","54","Mamie Hettinger","Cassandra Borer","Actor"
"544","54","Frankie Hoeger","Ramona Hamill","Production Designer"
"545","54","Randall Swaniawski","Rita Haag","Film Editor"
"546","54","Geoffrey Corwin","Pat Gutkowski","Director"
"547","54","Candace Kutch","Sherry Greenholt","Actor"
"548","54","Gerald Fritsch III","Bradley Stiedemann","Actress"
"551","55","Nathan Yundt","Mrs. Louise Cassin","Actor"
"552","55","Mrs. Brandi Stark Sr.","Sharon Towne","Cinematographer"
"553","55","Ronald Grimes","Terri Kulas","Cinematographer"
"554","55","Henrietta Rath","Merle Block-Mosciski IV","Producer"
"555","55","Jorge Hand DVM","Violet Mosciski","Actress"
"556","55","Mable Toy","Fred Kozey III","Music Composer"
"557","55","Dennis Smitham","Connie Hermann","Costume Designer"
"558","55","Amanda Kirlin","Terence Keeling","Music Composer"
"559","55","Evan Ernser","Mark Watsica","Production Designer"
"560","55","Dr. Darnell Carter","Margaret Schiller","Cinematographer"
"561","56","Elbert Morar","Marion Blick","Actor"
"562","56","Amelia MacGyver","Jackie Daniel","Music Composer"
"563","56","Mr. Nathan Welch-Zulauf","Lisa Altenwerth","Actor"
"564","56","Estelle Murphy","Tommie Orn","Director"
"565","56","Craig Von Jr.","Valerie Kertzmann","Cinematographer"
"566","56","Ms. Christie Casper","Edward Frami","Cinematographer"
"571","57","Glenda Brakus","Peter Goyette","Production Designer"
"572","57","Jaime Johnston","Julio Crona","Director"
"573","57","Clifford Buckridge MD","Kara Romaguera","Actor"
"574","57","Patty Swaniawski","David Corwin","Screenwriter"
"575","57","Lucy Nicolas","Hannah Reichel","Actor"
"576","57","Tim D'Amore","Jeffery Thompson","Producer"
"577","57","Alice Kertzmann","Raymond Borer","Music Composer"
"578","57","Shaun Stanton","Heather Jaskolski","Producer"
"579","57","Mary Cummings","Jeffrey Lemke IV","Producer"
"581","58","Ramiro Rolfson-Cole","Dr. Rodney Pollich","Cinematographer"
"582","58","Corey Halvorson Jr.","Cecil Reilly","Actress"
"583","58","Charles Bosco","Mattie D'Amore","Music Composer"
"584","58","Dr. Stacey Boehm","Yvette Doyle-Nolan","Film Editor"
"585","58","Belinda Parisian","Martha Ziemann","Production Designer"
"586","58","Jeanne Considine","Toby Kessler","Production Designer"
"587","58","Holly Wehner","Anita Blanda","Actress"
"588","58","Mr. Mathew Jacobi II","Jacob Konopelski","Director"
"589","58","Vicki Lakin","Barry Wisoky","Production Designer"
"591","59","Lola Hessel","Martha Abernathy","Actress"
"592","59","Dr. Wendell O'Keefe","Franklin Kessler","Production Designer"
"593","59","Mr. Marty Blanda","Javier Vandervort","Film Editor"
"594","59","Dana Beier","Wilson Bogisich","Cinematographer"
"595","59","Joanne Langosh","Eula Corwin","Film Editor"
"596","59","Michael Stehr I","Damon Rodriguez I","Producer"
"597","59","Ana Adams","Guy Schoen III","Film Editor"
"598","59","Mack Hansen","Jessie Schulist","Actress"
"599","59","Sonya Dickens","Monica Gislason","Production Designer"
"600","59","Ms. Thelma Willms-Klein","Sheri Bergnaum","Actor"
"601","60","Christy Hintz","Jeff Nitzsche","Cinematographer"
"602","60","Johnathan Aufderhar","Marc Waters","Costume Designer"
"603","60","Edgar Kunde","Annie Hintz MD","Costume Designer"
"604","60","Salvador Lowe","Bernard Pollich II","Cinematographer"
"605","60","Teri Dickens","Lucille Mann","Director"
"611","61","Leroy Ullrich","Antonia Schuppe","Actor"
"612","61","Mr. Jerome Hintz","Trevor Bode","Film Editor"
"613","61","Ervin Jerde","Mathew Stroman","Costume Designer"
"614","61","Darryl McDermott","Mr. Eduardo DuBuque-Wiegand III","Cinematographer"
"615","61","Leland Swaniawski PhD","Ron Reynolds","Director"
"621","62","Miss Emma Mills","Shelley Reinger IV","Actor"
"622","62","Elisa Hand-Erdman","Alfred McDermott","Producer"
"623","62","Carroll Swift","Jaime Kling","Cinematographer"
"624","62","Mr. Gene Kshlerin","Dr. Patsy Littel-McCullough","Costume Designer"
"625","62","Gretchen Reichert","Rogelio Jenkins","Director"
"626","62","Andy Bode","Conrad Purdy","Cinematographer"
"627","62","Miss Loretta Zemlak","Terence Sauer","Music Composer"
"631","63","Scott Nicolas MD","Mattie Lebsack II","Director"
"632","63","Gloria Cassin","Ms. Marguerite Schulist","Film Editor"
"633","63","Phil McCullough","Francisco McDermott","Cinematographer"
"634","63","Rosa Cassin","Dominic Hilpert","Film Editor"
"635","63","Roxanne Jacobs","Karla Turcotte","Producer"
"636","63","Mr. Gerard Reynolds","Rickey Stamm","Production Designer"
"637","63","Maureen Daniel","Margarita Littel","Production Designer"
"638","63","Barry Feest-Emard","Mabel Treutel","Producer"
"641","64","Dawn West-Bradtke","Rosemarie Schowalter II","Costume Designer"
"642","64","Ian Lehner","Anne Schuppe","Costume Designer"
"643","64","Miss Dixie Weimann","Miss Doreen McLaughlin","Production Designer"
"644","64","Brandi Frami","Kathy Krajcik","Music Composer"
"645","64","Crystal Wunsch","Salvatore Stanton","Film Editor"
"646","64","Leslie Tromp","Charles Klocko IV","Actress"
"651","65","Nelson Roberts","Jeff Lebsack","Cinematographer"
"652","65","Gwendolyn Strosin","Teri Kozey","Director"
"653","65","Reginald Stark","Dr. Eloise Gusikowski","Actor"
"654","65","Mrs. Alberta Carroll","Cindy Krajcik","Actress"
"655","65","Bobby Nienow","Hope Dare IV","Actor"
"656","65","Myrtle Smitham","Muriel Parker","Music Composer"
"657","65","Jerome Heidenreich DVM","Karla Frami-Schiller","Cinematographer"
"661","66","Calvin Dickens","Austin Kihn","Cinematographer"
"662","66","Raymond Armstrong-Schmidt","Jeremy Hyatt","Producer"
"663","66","Patsy Emard","Audrey Franecki","Actress"
"664","66","Johnny Weimann","Lillian Marvin","Cinematographer"
"665","66","Sheri Schaefer","Mrs. Rhonda Rippin","Screenwriter"
"666","66","Levi Dickens-Sipes","Blanche Kulas","Actress"
"671","67","Mack Schuster","Naomi Bartoletti","Production Designer"
"672","67","Orville Welch","Rosie Abernathy","Music Composer"
"673","67","Jacqueline Osinski","Cecilia Emmerich","Film Editor"
"674","67","Mario Gleichner","Christopher Satterfield","Film Editor"
"675","67","Willie Gerhold","Dr. Kerry Gottlieb","Director"
"676","67","Marcus Heaney","Phillip Cole","Film Editor"
"681","68","Blanca O'Kon","Mr. Shane Reynolds","Director"
"682","68","Doyle Wolf","Debbie Beier","Music Composer"
"683","68","Velma McKenzie","Nettie Kuphal","Actor"
"684","68","Adam Bergstrom","Adrian Schoen","Production Designer"
"685","68","Mr. Ronald Denesik","Miss Ana McClure","Actor"
"686","68","Janice Walker-Lockman","Tanya White","Cinematographer"
"691","69","Darrel Ledner","Irma Jacobson","Director"
"692","69","Marguerite Kozey DDS","Walter Kuhn","Actress"
"693","69","Luis Ryan","Geraldine Ortiz","Screenwriter"
"694","69","Ruth Stamm","Lydia Kreiger-Hand","Music Composer"
"695","69","Terrell Rohan","Lena Carter","Costume Designer"
"701","70","Dr. Molly Walter","Forrest McKenzie","Director"
"702","70","Velma King","Allan Watsica","Screenwriter"
"703","70","Irvin Collins","Enrique Upton","Screenwriter"
"704","70","Courtney Tromp DVM","Rosemarie Sipes","Cinematographer"
"705","70","Mr. Dexter Tillman","Rachael Pouros","Screenwriter"
"706","70","Joyce Franey","Maggie Beer","Actor"
"707","70","Joan Kuhic","Laverne Effertz","Actor"
"708","70","Mildred Lindgren","Freda Wisozk","Producer"
"709","70","Mercedes Sawayn","Adrienne Ledner","Production Designer"
"710","70","Mario Vandervort II","Juanita Torp MD","Producer"
"711","71","Mrs. Jody Cummerata-Smith","Herman Welch","Production Designer"
"712","71","Lauren Abshire","Gary Prohaska-Cole","Cinematographer"
"713","71","Jody Leuschke","Rudy Effertz","Actress"
"714","71","Eduardo O'Kon","Betty Sporer","Cinematographer"
"715","71","Cornelius Buckridge-Nienow","Byron Williamson","Cinematographer"
"716","71","Neal Dietrich V","Beulah Bogan","Screenwriter"
"717","71","Eula Powlowski","Tamara Feeney","Music Composer"
"718","71","Rachel Hammes","Mandy Ullrich","Production Designer"
"719","71","Duane O'Connell","Ernest Nitzsche","Costume Designer"
"721","72","Charlie Armstrong","Mindy McDermott","Production Designer"
"722","72","Eugene Pagac","Dr. Lonnie Denesik","Production Designer"
"723","72","Kim Wiza","Kelly Toy","Actor"
"724","72","Mitchell Nienow","Maggie Mraz","Director"
"725","72","Philip Nitzsche","Chad Torp","Actor"
"731","73","Mario Dickinson","Nadine Spencer","Producer"
"732","73","Regina Feil","Saul Lebsack","Director"
"733","73","Amanda Kertzmann IV","Dr. Thomas Koss","Music Composer"
"734","73","Francisco Carroll","Alonzo Yundt","Screenwriter"
"735","73","Dr. Orville Tromp","Mary Kertzmann","Costume Designer"
"741","74","Mr. Evan Kilback","Amanda Balistreri DVM","Production Designer"
"742","74","Cecilia Johns","Toni O'Hara","Production Designer"
"743","74","Arnold Hegmann","Randy Schinner I","Director"
"744","74","Mr. Randall Lebsack IV","Dr. Taylor Boyer","Actress"
"745","74","Alton Grimes DVM","Brendan Dickinson","Costume Designer"
"746","74","Alvin Greenfelder","Lydia Cremin","Cinematographer"
"751","75","Sonia Pouros","Chris Dickinson PhD","Cinematographer"
"752","75","Dr. Andy Fritsch","Eula Bruen","Screenwriter"
"753","75","Edith Torphy","Danny Watsica","Music Composer"
"754","75","Wm Heathcote","Dr. Chad Effertz","Film Editor"
"755","75","Pearl Borer","Dr. Yolanda Purdy","Costume Designer"
"756","75","Nicolas Hartmann-Corwin","Mr. Wade Morar","Costume Designer"
"757","75","Ross Tillman","Adrian Hermiston","Producer"
"758","75","Tyler Wolf","Andy Kihn","Film Editor"
"761","76","Chelsea Collier","Ms. Constance Mitchell","Cinematographer"
"762","76","Nellie MacGyver","Alfonso Gusikowski","Director"
"763","76","Marjorie Terry","Eloise Toy","Actress"
"764","76","Viola O'Reilly","Percy Weber-Dietrich II","Director"
"765","76","Dr. Carmen Schowalter-Aufderhar","Bobby Walker","Costume Designer"
"766","76","Antonia Miller","Marcia Christiansen","Cinematographer"
"767","76","Cathy Borer","Luz Maggio","Director"
"768","76","Margarita Nitzsche","Marie Heathcote","Cinematographer"
"769","76","Daisy Streich","Bert Bruen","Production Designer"
"770","76","Leroy Runolfsson","Lionel Murazik-Walter","Music Composer"
"771","77","Bradley Stoltenberg","Enrique Waters","Screenwriter"
"772","77","Jonathon Hilpert","Dr. Austin Sawayn","Music Composer"
"773","77","Ramiro Gleichner","Linda McKenzie","Actor"
"774","77","Dr. Devin O'Connell","Audrey Conn","Music Composer"
"775","77","Lila Jacobs","Andres McDermott","Actress"
"776","77","Sherri Hansen","Cameron Pollich","Screenwriter"
"781","78","Nichole Haley","Alicia Tremblay","Director"
"782","78","Violet Herzog","Warren Hartmann","Producer"
"783","78","Dwayne Christiansen","Kay Schulist-Renner","Screenwriter"
"784","78","Ms. Maxine Barton","Tanya Bogisich","Film Editor"
"785","78","Mr. Carroll Hermann","Eduardo Windler","Music Composer"
"786","78","Nettie Raynor","Christopher Wiegand","Producer"
"787","78","Jerald Ferry","Dr. Cornelius Pollich Jr.","Actor"
"788","78","Winifred Konopelski","Faith Corwin","Actor"
"789","78","Georgia Crona","Amanda Ferry Jr.","Cinematographer"
"790","78","Lila Crooks V","Dewey Grimes","Production Designer"
"791","79","Lance Medhurst","Kristopher Weimann","Film Editor"
"792","79","Brad Huels","Dr. Leticia Hintz","Film Editor"
"793","79","Adrienne Russel","Leigh Brakus","Production Designer"
"794","79","Ramon Price","Devin Kub","Producer"
"795","79","Bryan Nikolaus","Norma Crist","Cinematographer"
"796","79","Dr. Evan Conroy","Leo Price","Actress"
"797","79","Aubrey Mills","Adrian Champlin","Costume Designer"
"801","80","Tiffany Harvey-Bradtke","Cassandra Dibbert","Costume Designer"
"802","80","Andres Auer","Velma Hartmann","Film Editor"
"803","80","Miss Tasha Purdy","Homer Hayes","Cinematographer"
"804","80","Kate Ziemann","Harvey Wyman","Screenwriter"
"805","80","Samuel Weimann","Samantha Thiel","Actor"
"806","80","Silvia Jacobs","Joshua Rempel-Franey","Film Editor"
"807","80","Hector Stroman","Byron Beer","Screenwriter"
"808","80","Miss Gwen McDermott","Claire Wiza","Music Composer"
"809","80","Amanda Bogisich","Clinton Feest","Costume Designer"
"810","80","Phillip Auer","Everett Jones","Director"
"811","81","Belinda Ankunding","Johnnie Shanahan","Cinematographer"
"812","81","Whitney Torp","Gertrude Thiel","Production Designer"
"813","81","Arturo Waters DDS","Connie Greenfelder","Music Composer"
"814","81","Orville Konopelski","Amanda Parker","Actress"
"815","81","Leigh Zulauf III","Christine Abbott","Cinematographer"
"816","81","Julian Marquardt","Levi Maggio","Music Composer"
"817","81","Vicki Collier","Jody Block","Film Editor"
"818","81","Antonia Bogan","Marion Langosh","Screenwriter"
"821","82","Miguel Kerluke","Sheila Ernser","Actress"
"822","82","Kimberly Borer","Kent Okuneva","Production Designer"
"823","82","Charlotte Dibbert","Alonzo Bogisich","Actor"
"824","82","Estelle Nolan Jr.","Martha Hahn","Film Editor"
"825","82","Johnnie Pollich","Jeremiah Legros","Cinematographer"
"826","82","Jeannie Homenick","Vivian Blick","Screenwriter"
"827","82","Jean Schoen","Eloise Berge","Costume Designer"
"828","82","Brandi Heaney","Miss Maria Swaniawski I","Screenwriter"
"831","83","Lena Auer","Cecelia Heathcote-Kuhlman Sr.","Cinematographer"
"832","83","Ms. Guadalupe Wuckert Sr.","Lawrence Quitzon","Screenwriter"
"833","83","Dr. Leon McClure","Mercedes Bartell II","Actress"
"834","83","Julio Beer","Margaret Schmidt","Cinematographer"
"835","83","Matt Kihn","Mr. Bob Little","Screenwriter"
"836","83","Adrian Cummerata","Ted Adams","Actor"
"837","83","Mrs. Maxine Metz","Mr. Phillip Nikolaus","Actor"
"838","83","Sadie Powlowski","Ms. Kimberly Jacobi","Director"
"839","83","Victoria Bauch","Ella Emmerich","Director"
"841","84","Miss Ann Daugherty","Gregory Zieme-Koch","Actor"
"842","84","Nicole Hansen-Schultz","Rosemarie Yost","Costume Designer"
"843","84","Kay Murphy-Wisozk","Lawrence Stamm","Music Composer"
"844","84","Casey Goyette","Rebecca Heller","Film Editor"
"845","84","Flora Tromp","Henrietta Howell","Film Editor"
"846","84","Dr. Vicki Smith-Hettinger","Kelly Bednar","Screenwriter"
"847","84","Charlie Stroman","Donna Robel","Director"
"848","84","Tommy Lind","Lindsey Abshire","Costume Designer"
"851","85","Sonia O'Kon","Scott Goodwin","Screenwriter"
"852","85","Timothy Schumm III","Velma Considine","Actor"
"853","85","Wayne Von","Dr. Garry Dickens I","Actor"
"854","85","George Weimann","Johnny Lakin","Costume Designer"
"855","85","Johanna Collins","Sammy Bayer","Film Editor"
"856","85","Phyllis O'Reilly","Sandy Schoen IV","Actress"
"857","85","Kyle Leannon","Rudolph Veum","Producer"
"858","85","Forrest Swift","Angelica Beer","Music Composer"
"859","85","Jason Buckridge","Miss Renee Pollich","Actor"
"861","86","Traci Lubowitz","Kay McGlynn","Production Designer"
"862","86","Brittany Carter","Laurence Hayes","Actress"
"863","86","Natalie McDermott","Kristie Runte","Director"
"864","86","Eduardo Carroll","Domingo Nicolas","Costume Designer"
"865","86","Dana Legros","Rudy Spencer","Actor"
"866","86","Elbert Armstrong","Jean West","Actress"
"871","87","Nichole Stoltenberg","Judy Kuhlman","Actor"
"872","87","Donnie Leffler","Kara Schulist Jr.","Film Editor"
"873","87","Anne Emmerich","Gerald Kuvalis","Cinematographer"
"874","87","Mr. Paul Macejkovic","Jasmine Moore","Costume Designer"
"875","87","Shelia Berge PhD","Bernard Hudson","Actor"
"876","87","Perry Ankunding","Sonia Lemke","Film Editor"
"877","87","Dr. Martha Kreiger","Clifford Hoeger","Cinematographer"
"878","87","Jacqueline Jacobs","Dr. Sherry Kiehn","Music Composer"
"879","87","Ben Emard","David Shields","Producer"
"881","88","Lila West","Elisa Hand-Spinka PhD","Cinematographer"
"882","88","Mr. Roman Fritsch","Henry Gutmann","Actor"
"883","88","Ida Ernser","Dave Kovacek","Music Composer"
"884","88","Adrienne Heller","Julian Price","Costume Designer"
"885","88","Bradford Kihn","Delores Aufderhar","Actor"
"886","88","Mrs. Delores MacGyver","Annette Weber","Film Editor"
"887","88","Brenda Corwin Jr.","Debra Schulist","Producer"
"888","88","Marco Cremin","Don Toy","Film Editor"
"891","89","Walter Ondricka","Carlos King","Actress"
"892","89","Gerald Hilll","Glenn Terry","Music Composer"
"893","89","Tonya Hamill","Neal McKenzie Jr.","Production Designer"
"894","89","Jon Gottlieb","Ignacio Baumbach","Film Editor"
"895","89","Emanuel Koepp","Celia Rau","Director"
"896","89","Mae Champlin","Grady Mayert-Murray Jr.","Producer"
"901","90","Mrs. Celia Conroy II","Jeanne Tillman","Costume Designer"
"902","90","Felix Mann-Kreiger","Jeanne Emard","Cinematographer"
"903","90","Sherry Ratke","Kent Doyle","Production Designer"
"904","90","Myrtle Hyatt","Terrence Weissnat","Costume Designer"
"905","90","Flora Tromp IV","Kelly Glover","Director"
"911","91","Andres Davis II","Eleanor Larkin","Actor"
"912","91","Ira Erdman Sr.","Pat Bashirian","Film Editor"
"913","91","Dr. Johnnie Kihn","Harry Schimmel","Actress"
"914","91","Dr. Kent Gorczany","Flora Lind","Actor"
"915","91","Mr. Domingo Jenkins II","Mathew Streich-Leffler","Actor"
"916","91","Celia Mertz","Lillie Mertz","Costume Designer"
"917","91","Lori Treutel","Constance Lebsack","Costume Designer"
"918","91","Jaime Block","Sheryl Bernhard","Cinematographer"
"919","91","Miss Karla Romaguera PhD","Mrs. Sylvia Brakus","Production Designer"
"920","91","Maryann Mosciski DVM","Gayle Wisoky","Music Composer"
"921","92","Kristina White","Kristin Gibson-Kuhlman","Screenwriter"
"922","92","Sue Lubowitz","Ruben Cronin","Film Editor"
"923","92","Dana Price","Homer Rolfson","Producer"
"924","92","Noel Gulgowski","Billie Waelchi","Actress"
"925","92","Olive Kuphal-Lueilwitz","Monica Okuneva","Music Composer"
"926","92","Ethel Harvey","Isabel Watsica PhD","Producer"
"927","92","Johnny Leuschke","Gina Fay","Film Editor"
"931","93","Mildred Robel","Milton Bayer","Screenwriter"
"932","93","Garrett Bins","Elaine Nicolas","Screenwriter"
"933","93","Ryan Bogisich","Stacy Dicki","Film Editor"
"934","93","Flora Langworth","Jake Becker","Production Designer"
"935","93","Brian Leannon","Mr. Antonio Franey","Producer"
"936","93","Kelly Boyle","Mindy Prohaska II","Film Editor"
"941","94","Mark Ullrich","Shelia Champlin","Film Editor"
"942","94","Dr. Shari Reilly","Mattie O'Hara","Production Designer"
"943","94","Clint Lynch","Elvira Herzog","Screenwriter"
"944","94","Donnie Gorczany Jr.","Hope Schroeder","Actor"
"945","94","Fannie Dickens","Shelly Schmidt","Actress"
"946","94","Shirley Hoeger","Mack Simonis-Rosenbaum","Director"
"947","94","Lora Nikolaus","Mrs. Allison Adams","Cinematographer"
"951","95","Mr. Derek Orn","Luke Ferry","Actor"
"952","95","Melody Johnson","Mr. Dexter Swift","Screenwriter"
"953","95","Debra Skiles","Monique Mitchell","Costume Designer"
"954","95","Dr. Maurice Kemmer","Sean Runolfsson","Music Composer"
"955","95","Felicia Gerlach","Marian Steuber Jr.","Actor"
"956","95","Victoria Huels Sr.","Christopher Bruen","Actor"
"961","96","Jeff Keeling","Ashley Johnson","Music Composer"
"962","96","Gretchen Barton","Kirk Kautzer","Production Designer"
"963","96","Reginald Collins","Fernando Trantow","Music Composer"
"964","96","Miss Marsha Lemke","Ms. Lola Aufderhar","Actress"
"965","96","Darrell Altenwerth","Claude Bailey","Actress"
"966","96","Tim Kassulke","Bert Franey-Reichel","Cinematographer"
"967","96","Gerard Powlowski","Charlie Connelly","Film Editor"
"968","96","Wilfred Simonis","Ross Price DDS","Music Composer"
"969","96","Kate Blick","Hannah Renner","Actress"
"970","96","Felix Gutkowski","Erik Schimmel","Cinematographer"
"971","97","Brent Swaniawski DVM","Mrs. Mabel Labadie Jr.","Screenwriter"
"972","97","Fredrick Terry","Kirk Fadel Sr.","Actress"
"973","97","Dr. David O'Keefe","Juan Ziemann Sr.","Actor"
"974","97","Lucas Kulas","Raymond Hamill","Music Composer"
"975","97","Dr. Javier Lesch","Patty Kunde","Cinematographer"
"976","97","Hector Lynch","Penny Johnston","Cinematographer"
"977","97","Jackie Ruecker III","Randal Wolf","Production Designer"
"978","97","Tonya Walsh","Terence Powlowski","Costume Designer"
"981","98","Abel Boehm","Terry Shields PhD","Producer"
"982","98","Adam Conn","Dolores Ortiz","Director"
"983","98","Lora Wiegand","Alyssa Walsh","Cinematographer"
"984","98","Conrad Cruickshank","Eddie Mueller","Actor"
"985","98","Darla Thompson Sr.","Sonja O'Keefe","Actor"
"986","98","Candace DuBuque","Glenn VonRueden","Director"
"987","98","Miguel Hand","Todd Jenkins","Actor"
"988","98","Mrs. Sheryl Hettinger-Koepp","Zachary Hills","Costume Designer"
"991","99","Oliver Schiller-Ebert","Elena Brown","Cinematographer"
"992","99","Latoya Nicolas Jr.","Sean Luettgen","Cinematographer"
"993","99","Delores Upton MD","Vivian Kozey","Actress"
"994","99","Sean Wolf","Marilyn Doyle","Film Editor"
"995","99","Pedro Cole","Dr. Gwen Hansen","Producer"
"996","99","Malcolm Leffler","Noel Parisian","Costume Designer"
"1001","100","Guillermo Gleichner","Danny Hayes","Production Designer"
"1002","100","Rudy Friesen","Merle Zboncak","Producer"
"1003","100","Barbara Leffler","Angel Turner","Producer"
"1004","100","Dr. Al McLaughlin","Grant Quigley","Production Designer"
"1005","100","Patsy Kunze","Donald Kshlerin","Production Designer"
"1006","100","Juanita Hegmann","Merle Trantow III","Director"
"1007","100","Dewey Skiles","Donnie Senger","Actress"
"1008","100","Dr. Carroll Price","Noah Spinka","Actress"
"1009","100","Amy Barrows","Jesse Hoeger MD","Director"
"1010","100","Nicholas Heller","Ronald Mraz","Costume Designer"

